id,first_name,last_name,age,street,city,state,zip
1,Arthur,targarian,27,88th and 24th street,Flushing,NY,11375
2,Rogelio,Funk,27,72513 Lindgren Prairie,Wymanfurt,GA,82016-8261
3,August,Lockman,49,24167 Marietta Course,South Litzychester,ND,02310-5435
4,Claudine,Gerhold,37,20369 Belle Drive,Clarksville,NJ,47023-2017
5,Estel,Lesch,47,98813 Michale Knolls,Port Jaquan,GA,99800
6,Amina,Bartell,53,894 Schmidt Roads,Lake Braeden,CO,69196
7,Margarita,Bins,29,62092 Nikolaus Turnpike,Hillsfurt,NV,75953-0889
8,Jerel,Schinner,19,758 Tobin Spur,Lueborough,VA,84800-2870
9,Verla,Koss,40,17037 Bryon Plains,Abbieburgh,WY,37325
10,Leland,Zboncak,20,2869 Lee Dam,Loraside,AK,4074
11,Lura,Quigley,24,23731 Heidenreich Cove,South Nikkoton,HI,12764-7352
12,Tod,Kshlerin,33,33989 Lindgren Mission,Coeur d'Alene,WA,84661-8290
13,Raymond,Ullrich,58,1429 Jacobson Island,Hodkiewiczburgh,MA,86047-5363
14,Raymond,Mertz,41,68731 Raphaelle Harbors,Verdastad,NE,56405-4686
15,Lexie,Prohaska,27,729 Frami Light,Miami Beach,MT,17864-4538
16,Abelardo,Bogisich,43,830 Barrett Harbors,San Marcos,NY,01226-8225
17,Zack,Franecki,23,5045 Charlene Manor,Kattiemouth,IA,23494-6886
18,Aileen,Bauch,36,145 Sandra Plaza,Casperborough,ND,66818
19,Gus,Crist,61,9683 Spinka Spurs,West Sylvia,TX,16228
20,Name,Altenwerth,43,78821 Blanda Summit,Lake Woodrow,UT,94556-3835
21,Harry,Miller,59,5414 Bode Court,Chazfort,MI,91898-1359
22,Willa,Considine,36,4784 Maryse Square,Huntsville,WA,55402
23,Jay,O'Kon,21,834 Batz Oval,Lake Dorcas,AR,51952-7772
24,Edison,Mertz,23,090 Gibson Motorway,South Glendaton,CA,31070
25,William,Bauch,36,3191 Emmerich Route,New Jennieborough,AZ,83686-4957
26,Karine,Mosciski,46,36149 Metz Land,Port Jesse,UT,12478
27,Alene,Steuber,54,10349 Cronin Green,Sallyland,OH,78923
28,Bryce,Collins,45,15075 Genoveva Dale,West Tressieview,DE,30828
29,Annabel,Wolf,44,020 Block Drive,Bergstrommouth,TN,60090
30,Carmine,Stokes,33,2457 Gaetano Hill,Huelmouth,NC,93575
31,Aileen,Kulas,34,487 Bins Drives,Naomiview,UT,73253-6317
32,Marlen,Gibson,22,3554 Hills River,Eliasmouth,CO,26545
33,Quincy,Franecki,26,72707 Geovanny Meadow,Donavonfurt,LA,62269-3663
34,Rodolfo,VonRueden,52,387 Effertz Isle,New Orval,RI,19065-9328
35,Napoleon,Kuvalis,48,5674 Boyer Streets,San Ramon,MI,83492
36,Lelah,Blanda,35,23693 Barrows Club,Port Fern,OH,60720-8681
37,Precious,Denesik,57,5736 Paucek Summit,South Rosaleeborough,MD,94366
38,Marilou,Terry,49,81481 Tremblay Mountains,Missoula,CA,58447-8026
39,Torrance,Lehner,27,935 Paucek Rapid,East Pinkside,NC,21170
40,Alexandrine,Kris,58,38766 Bernier Mission,East Faustobury,NV,50251
41,Elnora,Davis,32,57467 Boehm Vista,Jupiter,MT,74246-0756
42,Arturo,Conroy,45,5902 Thiel Pike,Sylviamouth,KY,93602
43,Brant,Wiegand,39,38363 Lemke Mews,Bellingham,CA,52900
44,Kelton,Walter,45,3367 Hilbert Park,West Bobbyview,NH,43424
45,Cynthia,Weimann,23,4045 Kihn Squares,Felipafurt,WI,66777-6362
46,Donald,Prosacco,45,90920 Elsa Mission,Dubuque,ND,10377-0377
47,Pamela,Johnson,39,025 Anika Camp,Kozeyview,WI,84034-8326
48,Briana,Rempel,56,016 Lessie Via,Mozellville,AL,58730-3772
49,Kraig,Johnston,51,985 Tremblay Rapid,Millsstad,MD,44649-0469
50,Luisa,Glover,31,96545 Christian Ville,Thorahaven,NE,5771
51,Melisa,Batz,53,521 Kertzmann Mall,Cartwrightburgh,NJ,21955
52,Jadyn,Bauch,18,343 Wehner Club,Lockmanstad,GA,84960-7992
53,Drew,Kreiger,41,8164 Kameron View,Aylintown,MD,46305-8094
54,Kali,Greenfelder,59,2541 Wilfred Junction,Lake Todside,RI,68690-7288
55,Abel,Gleichner,40,63976 Herman Ville,Queenbury,MI,30691-3833
56,Susie,Rowe,32,455 Guadalupe Orchard,Leathafort,RI,76983-2965
57,Marge,Kertzmann,32,2062 Kreiger Stream,West Shaylee,VA,55272-3497
58,Cassandre,Morar,44,786 Abbott Center,Roobview,MT,91257
59,Gladys,Feest,28,3347 Serena Stream,Lemkemouth,AK,90916-0153
60,Kailee,Witting,20,03553 Darien Route,Lake Elise,VA,84512-8924
61,Tiana,Zboncak,58,97794 Kulas Points,Heidenreichside,ND,42299-6301
62,Dusty,Grant,22,601 Kohler Mission,Shaniyahaven,MO,17192
63,Alexa,Hane,42,07418 Rosemary Viaduct,Antoniettaberg,MT,39036-2527
64,Saige,Schumm,29,003 Von Unions,Lake Dane,WY,35243
65,Tanya,Reinger,29,21376 Greyson Stream,Schmittville,IA,91298
66,Ari,Blanda,59,041 Jakubowski Prairie,Danielaside,OH,77539-8964
67,Bradley,Schinner,19,69926 Parker Dale,East Maxwell,AR,57616-9361
68,Erin,Strosin,32,76835 Hegmann Coves,New Darrin,AK,19910-8754
69,Creola,Daugherty,52,4318 Alf Cove,Daughertymouth,TN,15514-7986
70,Retha,Abshire,46,63578 Lindgren Forges,North Theodoraside,KY,1510
71,Santiago,Hartmann,59,4046 Dietrich Club,Chicopee,NJ,19731
72,Marlen,Huel,37,1432 Johann Knolls,East Kirsten,WV,1677
73,Naomi,Jaskolski,28,89932 Jena Trail,Alyssonfort,TN,15733-5897
74,Manley,Graham,21,7508 Gottlieb Islands,Homenickville,KS,74870-8020
75,Kallie,Stamm,61,260 Tremblay Brooks,Gorczanytown,HI,15081
76,Emily,Kerluke,57,82132 Connelly Shores,Ryanshire,OK,96192
77,Emely,Abbott,61,3291 Hahn Trail,New Rochelle,NJ,47257-8710
78,Travis,Baumbach,30,88702 Jaclyn Radial,Independence,NM,44291
79,Reva,Runolfsdottir,26,17779 Damon Greens,Elouisehaven,MO,18189-6087
80,Lelah,Stamm,44,83070 Ward Extensions,New Hosea,CO,84389-8118
81,Dewayne,Roob,29,46501 Schmidt Plains,Sydnifurt,TX,9402
82,Robbie,Schamberger,28,53354 Lynch Path,Mansfield,DE,39809
83,Bailey,Witting,52,146 Coleman Inlet,Lorachester,TN,48294
84,Brittany,Ritchie,61,8402 Arielle Lakes,Adonisfurt,UT,95905
85,Kacie,Murphy,47,928 Justyn Corner,Dasiabury,CA,6031
86,Dejon,Mohr,60,3870 Gia Circles,Port Lonnie,IA,41190
87,Josh,Kihn,43,774 Leta Drive,Sparks,GA,2121
88,Summer,Lakin,27,22672 Rowe Lights,North Norma,LA,54899
89,Ofelia,Brakus,48,538 Katarina Pines,New Augustus,PA,58985-7744
90,Wendell,Kirlin,47,14845 Leffler Bypass,Fritschhaven,DE,79457-2022
91,Nettie,Becker,53,53711 Mattie Locks,West Eusebioview,WY,14288
92,Lauretta,Ratke,57,70745 Haley Hollow,East Jonas,KY,46490-4411
93,Alberta,Brown,37,55723 Avis Springs,West Renee,AL,67771
94,Jodie,Raynor,30,4598 Judge Club,South Stellafurt,MT,31517-3200
95,Emmanuel,Heaney,62,3053 Gerhard Harbors,New Pietro,GA,28133
96,Murray,Graham,60,6631 Abshire Circles,Davis,IA,34020-3734
97,Raegan,Davis,38,06925 Dickens Circle,New Timmothy,OK,75617
98,Chanel,Hessel,41,597 Murray Falls,Hamillview,MA,10274
99,Myrtice,Fritsch,50,445 Ima Cliff,Morissettetown,MS,94324-3867
100,Eldred,Rodriguez,29,72001 Morissette Estates,Stromanfort,NV,20825
101,Tyshawn,Hackett,33,13014 Rodriguez Point,Garretville,IN,84995
102,Betty,Huel,58,5502 Gottlieb Streets,Kertzmannstad,OH,15606
103,Jakayla,Bartoletti,27,704 Felipa Wall,Sanfordborough,KY,7554
104,Linda,Keeling,51,576 Flatley Lake,East Kayli,NM,18650-7019
105,Jed,Ward,39,41947 Bahringer Extension,Schroederhaven,SD,93549-8323
106,Laurianne,Jakubowski,57,4425 Russel Mall,Gaylordmouth,ND,77258
107,Dedric,Fay,40,368 Fleta Expressway,Westleyberg,MD,93635
108,Sheldon,Leannon,35,2893 Jolie Forest,Strackechester,MT,9533
109,Abigail,Johnston,45,095 Kihn Manors,Hammond,KY,13308-6720
110,Vida,Kohler,51,69838 Hoeger Extensions,West Orpha,HI,62871-0385
111,Candice,Lemke,61,89442 Yasmeen Row,West Flo,IL,56067
112,Lawrence,Ziemann,30,23639 Alexandria Landing,North Leannestad,NH,63783
113,Kelvin,Ward,40,317 Marlon Isle,Claudhaven,GA,31702
114,Lawson,Harber,22,4261 Kirsten Alley,West Mose,CO,21151-1069
115,Greyson,Collier,53,60611 Tyshawn Mall,Fort Worth,PA,3168
116,Toni,Connelly,36,61704 Fadel Bridge,Phoebefurt,GA,85817-4346
117,Billie,Jacobson,38,70169 Daniel Loaf,Christiansenshire,KY,15069
118,Leopold,Rath,27,903 Brayan Falls,South Emilieshire,NY,04758-5660
119,Justine,Crona,22,894 Sierra Forge,Port Kavonside,IL,91741
120,Coralie,O'Connell,30,023 Abbie Path,New Shanon,PA,08720-1349
121,Arlo,Kris,56,3108 Swaniawski Cliffs,Farrellview,NV,25534
122,Rafaela,Abbott,18,79172 Mante Loaf,Simonisburgh,MT,68976
123,Rodrigo,Murphy,40,64662 Rath Turnpike,Kyleland,NC,13204-5997
124,Marlene,Funk,61,42354 Louisa Rapids,Vernicemouth,SD,52673-9911
125,Cecilia,Torphy,26,0781 Dorian Fork,North Beverly,VA,5747
126,Kelvin,Ziemann,24,8437 Ahmad Hill,South Forestchester,IA,90332
127,Kurtis,Shields,46,1223 Marianna Corners,South Cassandre,ND,5101
128,Katlyn,Klein,53,84424 Kira Parks,West Jovan,NC,99437-1549
129,Jalyn,Boehm,28,46426 Gutkowski Stravenue,West Sacramento,MN,25457-7869
130,Lavern,Hoppe,26,8316 Veum Curve,East Israel,NH,86420-7817
131,Karolann,Kuphal,61,702 Sibyl Dale,New Juana,IN,66165
132,Javon,Boyer,51,372 Monserrate Glens,Lucyside,KY,93084-7222
133,Jewell,Reinger,60,41279 Rosina Ways,Missoula,IA,93899
134,Evie,Dicki,27,734 Jerde Garden,New Darianshire,DE,52216
135,Pearlie,Hoppe,34,64908 Terry Mall,Rancho Palos Verdes,NH,30263
136,Jan,Okuneva,42,92420 Mosciski Creek,Greenwood,TX,48
137,Telly,Leannon,34,9148 Saul Ridge,Madison,MT,78906-2349
138,Tessie,Lindgren,61,43560 Dulce Stravenue,South Wandachester,MD,23620
139,Issac,Hilpert,55,992 Wyatt Fall,East Gertrude,DE,2907
140,Freddie,MacGyver,51,011 Mills Mountain,Vincenzoborough,WA,5610
141,Stacy,Raynor,58,65868 Abshire Expressway,Plano,AZ,72323-1708
142,Adolf,Stiedemann,20,5789 Pagac Courts,Montyburgh,IN,43974
143,Malcolm,Cole,39,514 Logan Cliff,Port Taniaborough,AK,82667-4419
144,Liliane,Mills,48,77038 Smith Extensions,East Abigaleside,OR,78262
145,Neal,Cole,27,415 Gibson Roads,New Marcport,VT,86421
146,Elmo,Crist,59,5606 Elroy Orchard,South Andreanneshire,NY,47850
147,Tristian,Deckow,38,5569 Devin Neck,Columbus,CO,38584-6474
148,Adrienne,Herman,31,41515 Keeling Rapids,Koelpinhaven,MA,49834
149,Samir,Johns,35,09757 Rolando Spurs,Marksview,AK,98182-2942
150,Deron,Cronin,36,56980 Osinski Harbors,Wehnerberg,CT,03440-3590
151,Blaise,Skiles,52,801 Gusikowski Trace,South Amber,RI,40715
152,Julio,Mohr,44,4831 Turcotte Summit,West Jordan,KY,53239
153,Alta,Pacocha,23,630 VonRueden Mill,Bowie,IL,41352-8908
154,Roberta,Romaguera,62,00072 Cole Manor,Country Club,GA,91611
155,Claudie,Kerluke,46,9375 Wolff Lakes,Skilesshire,MO,57469-5076
156,Edison,Okuneva,18,988 Keith Crossroad,East Nashmouth,MS,80941
157,Louie,Parker,55,426 Konopelski River,Chino,DE,99632-2215
158,Tre,Legros,49,32821 Austen Crossroad,New Avaland,DE,65905-8033
159,Yasmeen,Sipes,53,0758 Krista Rue,East Camren,ND,17330-6087
160,Emmitt,Turcotte,25,1787 Bergnaum Gateway,West Kareemport,AK,17974-6677
161,Valentin,Murray,24,362 Jennifer Pines,East Dewayne,OH,13023-8898
162,Haven,Runte,37,3770 Schaefer Station,East Susie,IA,92352-4849
163,Rosella,Pacocha,51,64253 Altenwerth Meadows,Craigborough,WY,66025-0758
164,Carlee,Jast,33,2710 Verna Curve,Hamillfort,WY,17117-5849
165,Francis,Rodriguez,19,876 Walsh Circles,Monroe,AL,34579
166,Abe,Ruecker,62,9561 Johnnie Turnpike,East Emoryville,HI,14499
167,Loren,Harris,59,3232 Johnston Springs,West Rocioland,AR,00218-8280
168,Mariane,Tremblay,62,63035 West Flat,Federal Way,AK,57403
169,Madyson,Greenfelder,28,1067 Harvey Ridge,Marcelofurt,WV,487
170,Zaria,Stiedemann,35,83079 Wilmer Prairie,Zemlakmouth,NY,51021
171,Assunta,Terry,44,57860 Eldred Causeway,Franeckiview,NV,90582-3515
172,Gerald,Russel,40,53193 Klein Squares,Kutchberg,VT,39704
173,Maurice,Jones,43,2086 Schmitt Mall,Lake Faustinomouth,OR,18927
174,Ned,Yundt,36,76694 Serenity Creek,West Sigurdmouth,NJ,23870
175,Turner,Predovic,56,9613 Edmond Street,New Cayla,MO,19892
176,Elsie,Gutmann,52,197 Karina Corner,Lynchburg,NV,44786
177,Eliane,Lynch,54,060 Clementina Track,North Las Vegas,NM,23417
178,Coby,Cole,21,7661 Berge Corner,Kenyattaport,WV,39639-1732
179,Weldon,Reinger,53,83241 Willie Junction,Lancaster,IL,33580-9909
180,Martin,Labadie,40,155 Tito Union,Gutmannshire,NJ,58334-9274
181,Alfonzo,Ortiz,53,62689 Rusty Meadows,Port Janie,KY,95767-3906
182,Brennon,Thiel,56,5501 Nienow Pine,Troy,IA,05958-9878
183,Vicenta,Kuhn,50,5217 Marvin Roads,Suffolk,AL,93892-9236
184,Isom,Grant,60,14049 Arnoldo Shore,Lockmanview,WY,04899-6440
185,Johan,VonRueden,29,6382 Randal Tunnel,Lehigh Acres,TX,97440-7870
186,Bailee,Wunsch,24,840 Bayer Extensions,Colemouth,MI,83190-4278
187,Ressie,Beier,26,1974 Kshlerin Plaza,East Terryburgh,NJ,59375
188,Edyth,Kulas,59,922 Palma Tunnel,South Oswald,MO,77699
189,Susanna,Toy,43,670 Schmitt Row,Austenland,TN,70261
190,Price,Schumm,26,8405 Collier Gateway,Port Laceybury,MO,75318-4887
191,Lexi,Wolf,44,7113 Joaquin Forks,La Crosse,MD,67211
192,Della,Hoeger,50,923 Fermin Prairie,North Javon,ID,7905
193,Demario,Jakubowski,56,164 Silas Dale,The Hammocks,LA,44560
194,Gideon,Hermiston,35,33391 Benjamin Burgs,New April,ID,5923
195,Irving,Lubowitz,32,1968 Lemuel Plaza,Palm Bay,IN,37923
196,Eden,Kessler,46,57105 Eudora Route,Lake Wilford,SC,34600-8505
197,Maryjane,Champlin,40,067 Moshe Causeway,Jamiemouth,TN,16153-5046
198,Nelle,Hansen,43,1666 Jaskolski Springs,Kodyfort,HI,34123
199,Earnest,Hane,48,749 Connie Place,East Laurence,KS,13919-2141
200,Danielle,Lubowitz,23,16063 Preston Lakes,Milantown,VA,00656-7495
201,Brando,Block,37,9296 Josh Estate,New Josefachester,OR,79572-8994
202,Tod,Mayert,36,3629 Aaron Street,East Julianchester,WV,16825
203,Jalen,Cormier,44,786 Beatty Villages,East Richie,MD,46371-6332
204,Emiliano,Sipes,58,3380 Blanda Tunnel,Pacochahaven,NJ,72913-1999
205,Dovie,Carter,58,7729 Lebsack Walk,Missourifort,SC,85063
206,Ayana,Hoeger,34,721 Zachary Orchard,Gilroy,IN,64918-0639
207,Melissa,Schaden,50,216 Tate Divide,D'Amoreland,WA,10307-6312
208,Eleonore,D'Amore,32,282 Bernhard Centers,Franeckifort,SD,02978-2123
209,Lorine,Turcotte,29,65833 Kassulke Fords,Blaisetown,TX,54719-6204
210,Wade,Goodwin,28,5139 Jo Lane,Danville,CO,66656
211,Jaeden,Reinger,35,6811 Koch Pines,Oleborough,AL,85751-7204
212,Gerson,Abshire,24,42725 Royal Mount,Wisokymouth,NJ,93134-5041
213,Nakia,Schroeder,30,57546 Ratke Canyon,Rathtown,IL,32421
214,Effie,King,37,51392 Ollie Springs,West Neomamouth,IA,64890-8716
215,Mayra,Torphy,18,28321 Stark Loaf,New Emile,CO,15602-9931
216,Murl,Connelly,46,07645 Deborah Landing,Buena Park,ME,16302-3170
217,Camila,King,46,98681 Schmidt Ways,New Zenaland,DE,73072-0775
218,Vida,Dickens,31,5821 Rafael Cape,South Roy,ND,11920
219,Valentin,Block,44,57490 Leannon Squares,Cristiantown,NY,05419-2495
220,Gino,Bednar,36,4669 Paucek Greens,Port Kendrick,AL,75300-2310
221,Alexys,Cremin,43,6198 Tremblay Ways,New Freddie,MN,36111-5994
222,Crystal,Raynor,21,205 Gleichner Ports,Marjolaineside,DE,6292
223,Hilton,Bergstrom,49,59432 Koepp Plains,Roobville,KY,13046-8402
224,Alyson,Harber,18,5941 Era Ranch,Millerside,CA,16996-7479
225,Alicia,O'Kon,40,80885 Ethelyn Underpass,South Janis,MS,82503
226,Emmie,Paucek,24,356 Kshlerin Drive,Wayneville,ND,90571-4018
227,Adeline,Dicki,52,5634 Glen Trafficway,Gaylordburgh,AR,86736
228,Gunnar,Willms,50,778 Sanford Neck,Melbourne,AK,04429-7821
229,Corine,Wisozk,33,2249 Lynch Gateway,New Rochelle,CA,69025-1831
230,Robbie,Toy,34,01860 Fisher Summit,New Darby,MD,83128
231,Gia,Cruickshank,45,3139 Mraz Haven,East Loraineview,RI,21717
232,Kathlyn,Price,49,037 D'Amore Rapids,Abilene,NH,53208-6505
233,Freddy,King,44,522 Skyla Key,East Janismouth,MS,03021-6932
234,Bret,Durgan,18,7310 Ratke Cliff,New Loganton,IA,45034
235,Ellen,Kulas,21,1023 Lamont Valley,Clifton,MA,88843
236,Roxane,Pfannerstill,55,45946 Douglas Drives,East Aniyahaven,CA,44613
237,Shemar,Wehner,41,922 Lonzo Roads,Hollywood,IA,94591-5203
238,Victor,Bode,40,9446 Mann Islands,Weldonville,WV,96653-9383
239,Alex,McLaughlin,53,47266 Therese Camp,Lorenzofurt,GA,12446
240,Tomasa,Gerlach,42,7690 Matteo Hill,East Jasen,MT,16334
241,Adela,Nolan,41,496 Rogers Islands,Fritschhaven,TX,41424-2585
242,Pamela,Price,29,422 Terrill Causeway,New Gaston,UT,22371
243,Cordell,Roberts,51,34331 Yost Springs,Isomchester,MI,69729-9106
244,Mariane,Von,30,206 Florine Route,Saigeland,ND,64281
245,Colton,Hackett,47,6246 Ricardo Stream,South Cristalland,AL,84372-7439
246,Ashly,Thompson,27,994 Gleichner Track,North Bretchester,GA,78398
247,Chance,Greenholt,59,890 Johns Circle,Port Emeliashire,IA,26841
248,Verner,Schmitt,45,9820 Weber Divide,Fredyport,IA,83545-0568
249,Billie,Herzog,47,567 Jessika Highway,Rockymouth,WI,8236
250,Catalina,Thiel,44,79501 Mayert Vista,Port Deborah,NE,90224
251,Drew,Hilll,24,8156 Nia Islands,Raleighstad,OH,17903
252,Adelia,Waters,28,0731 Klocko Crossroad,Port Barney,AZ,7288
253,Astrid,Robel,43,610 Tyree Cliffs,Ronnyfort,AZ,67252-2659
254,Yessenia,Skiles,60,825 Flatley Knolls,West Rolandoport,MD,55595-0557
255,Stewart,Quitzon,46,34755 Micah Causeway,New Courtneychester,WY,24119-5895
256,Brock,Schroeder,56,0358 Vivian Ridge,Olgabury,WI,47007
257,Earnest,Anderson,55,63624 Yost Knoll,West Marielleland,WV,46201-4915
258,Timothy,Champlin,61,476 Coty Causeway,Thompsonbury,OR,62063
259,Lavina,Crist,34,083 Kohler Port,Pacochatown,ND,95303-2486
260,Lorenza,Erdman,54,78325 McGlynn Burgs,West Sadyetown,HI,68644
261,Courtney,Torphy,57,68405 Schaefer Underpass,Lake Liliana,DE,22963-7487
262,Eunice,Conn,61,7216 Kaylah Crossroad,Joeyberg,NH,87679-5370
263,Webster,Walter,40,9439 Douglas Locks,Gulgowskistad,MD,55218
264,Nova,Streich,29,636 Gerlach Point,Lancemouth,FL,11834
265,Velda,Shanahan,59,43872 Lela Bypass,Ravenstad,CA,72354
266,Akeem,Torphy,58,443 Emard Extension,East Kody,MO,35578
267,Dedrick,Berge,31,886 Addie Bypass,Ankeny,RI,78856
268,Della,Turcotte,58,35525 Hilll Estate,Oceanside,WV,73666
269,Vena,Gleichner,25,77946 West Hollow,Lake Adolfton,FL,43421-7582
270,Randal,Hills,60,3752 Price Mountain,South Astrid,MS,88311
271,Chet,Feest,47,55068 Emile Lakes,East Tommieland,LA,29817
272,Elton,Green,60,4291 Haylee Roads,Lake Dandreton,MI,58789-9619
273,Joany,Wolff,26,3333 Williamson Point,Jerdeton,MI,21894-3244
274,Trystan,Halvorson,33,96345 Gus Lodge,Kearny,IA,97346-8664
275,Ralph,McGlynn,38,532 Vern Ford,Port Marianoville,MN,66546-8336
276,Patrick,Bradtke,38,8765 Nedra Manor,Jedediahland,ME,55241
277,Gretchen,Greenholt,37,5818 Hegmann Burgs,Attleboro,WY,74148
278,Parker,Jerde,59,942 Bonnie Course,Turcottetown,TX,63334-2554
279,Savanna,Lueilwitz,22,8149 Lamar Mission,East Leonorville,ME,35786-1272
280,Flossie,Bechtelar,19,529 Stark Pine,East Sebastianborough,AR,17596
281,Chaz,Morissette,41,10975 Pfannerstill Brooks,Port Juanamouth,NC,45151
282,Darius,Leffler,56,3341 Hand Falls,Kovacekmouth,ID,99882-4102
283,Olin,Zulauf,37,5490 Mitchel Stream,East Baileemouth,NV,24294
284,Karlie,Adams,38,7975 Smith Isle,North Vivian,ME,27101
285,Elna,Murphy,45,932 Ulises Trafficway,New Delaneystad,WV,67520-6289
286,Petra,Littel,58,840 Carmelo Row,Kalamazoo,CT,40991
287,Jordy,Stiedemann,37,901 Dewitt Estate,Lesleystad,WI,85175
288,Madisyn,Harris,59,29511 Effertz Island,Sterling Heights,IL,97426-9751
289,Vivianne,Stracke,52,257 Jacobs Drive,Amelieland,WV,67534
290,Concepcion,Greenfelder,20,57258 Hoppe Brook,West Pascale,WV,93609
291,Salma,Braun,54,9488 Christiansen Crest,Nikkotown,TN,45636-0468
292,Golda,Connelly,53,475 Kole Mountains,New Avis,CT,31003-5647
293,Walker,Johnson,23,8125 Brando Greens,Parkerhaven,KS,65198-8097
294,Peyton,McKenzie,37,5134 Dibbert Brooks,Pasqualeberg,OH,52987-0677
295,Yessenia,Brekke,34,312 Pollich Neck,Aylamouth,NV,25472
296,Vida,Windler,44,8646 Marc Green,Avisberg,VT,75001
297,Amiya,Collier,20,294 Leda Street,Pittsburg,IA,77360-8559
298,Laurine,Stark,37,30867 Graham Brook,Kurtischester,KS,9265
299,Angus,Barton,45,07508 Rice Cove,South Kallie,VT,68464
300,Treva,Dicki,60,61617 Frami Drive,Aronmouth,MD,59046
301,Albina,Veum,50,882 Sauer Courts,Zackeryburgh,TX,9889
302,Reba,Brekke,36,5059 Fisher Brook,Middletown,MD,95476-5014
303,Mercedes,Adams,42,39141 Medhurst Ports,North Prudencechester,WA,59222-9498
304,Darrel,Schmeler,53,43016 Haag Estates,West Efren,AZ,18973-7175
305,Treva,Medhurst,30,985 Rosa Expressway,East Alannaside,IN,04249-4526
306,Elisa,Hane,28,06345 Wuckert Walks,Lake Uriahfurt,UT,22875-5012
307,Marianna,Cole,43,16239 Steuber Field,South Erwinville,WV,72988-6406
308,Darian,Bergnaum,22,425 Hilpert Court,New Sagemouth,IL,81848
309,Shanelle,Deckow,52,5423 Stroman Haven,East Bonnieshire,MO,97341
310,Tressie,Bins,61,9592 Irma Circles,Port Hugh,OK,61964
311,Deshaun,Dach,45,44173 Waelchi Drive,Port Wilmer,NV,24030
312,Elsie,Lesch,47,446 Nitzsche Loaf,Gaylordton,ND,87552
313,Cynthia,Carroll,35,157 Jovani Villages,Kylaton,NM,55273
314,Arnold,Hickle,40,18056 Isom Greens,Loweborough,AZ,94304-4970
315,Idell,Adams,24,7606 Ubaldo Lakes,Shanelberg,OH,97139
316,Jasmin,Raynor,36,3770 Macejkovic Stravenue,Westland,KY,28500
317,Ericka,VonRueden,34,66914 Cyrus Extension,East Alexandrine,ME,59302-4773
318,Maeve,Wilderman,31,969 Simonis Tunnel,Lake Joshua,VA,66237-5939
319,Khalil,Schoen,50,960 Nicola Mountain,Letitiaburgh,SD,62765
320,Neva,Effertz,55,028 Feil Vista,Lansing,WA,5241
321,Lea,Swift,22,1179 Jamison Street,Port Hellenberg,SD,55731-7309
322,Briana,Lockman,50,8895 Madelyn Trafficway,East Clotilde,KY,57605-6441
323,Royce,Paucek,24,532 Block Terrace,Toyfurt,WI,3085
324,Sierra,Carroll,45,97832 Hillary Orchard,Waterloo,AL,95899-9298
325,Laura,Prosacco,22,525 Waldo Centers,West Haven,CO,73026
326,Katelynn,Herman,55,45901 Leonardo Island,Destinfort,AL,90956-9907
327,Nelda,Goyette,48,52187 Matteo Hills,New Pabloberg,OK,96271
328,Korey,Dibbert,53,433 Erica Centers,Winstonstad,KS,214
329,Beulah,Haag,39,19902 Kasey Bridge,Rigobertoborough,KY,88478
330,Laurie,Connelly,62,166 Hoppe Crossroad,North Delphine,NE,93700-4212
331,Flavio,Schoen,20,514 Kerluke Crossing,South Lelah,RI,08710-1569
332,Evan,Reynolds,55,770 Wuckert Route,Lake Quintenstad,MS,13431-8284
333,Ashlynn,Waters,27,168 Maymie Causeway,South Abel,LA,14902
334,Dorcas,Rice,47,447 Goodwin Glen,Stewartton,MN,63328-7772
335,Gene,McDermott,24,98784 Renner Locks,Batztown,MD,14429-1789
336,Sylvester,Jakubowski,61,864 Marvin Burg,Hertahaven,WY,64597-6022
337,Milford,Bruen,39,84080 Aiden Extensions,New Marlin,HI,91395
338,Eric,Ondricka,18,93358 Stoltenberg Corners,South Lestertown,FL,94747-9575
339,Shaun,Johnston,61,97285 Rosalinda Ridges,North Quinn,MI,53398-3146
340,Domenick,Braun,59,250 Dickinson Turnpike,Loweland,UT,16260-5405
341,Ally,Boyle,33,03038 Smitham Summit,Nyasiachester,SC,86798
342,Emanuel,Runte,50,738 Xavier Mount,Susanaberg,VT,39401
343,Hassie,Hamill,28,45222 Boyle Plaza,Corwintown,CO,66907-9001
344,Marley,Hyatt,33,953 Rempel Hill,Port Tonichester,MN,38264-9057
345,Nikolas,Kessler,57,5857 Gleichner Dale,Inesberg,WA,99542-7121
346,Libbie,Weimann,30,768 Alford Run,Camrenshire,KY,87732-6416
347,Bernie,Bergstrom,31,359 Towne Avenue,York,NY,39548
348,Dedric,Howell,18,603 Elta Overpass,Marielleside,VT,74456-9895
349,Cora,McCullough,18,33437 Brennan Terrace,Cartermouth,MN,59366
350,Ayden,Orn,22,51255 Keenan Roads,New Percival,RI,64869-1560
351,Noe,Schaden,34,163 Leuschke River,West Wadeville,MD,24980
352,Verna,Ondricka,61,088 Rolfson Causeway,Port Davidmouth,TX,80974
353,Chandler,Gulgowski,49,6527 Ebony Lakes,Dewittbury,ME,69826-1117
354,Clovis,Graham,28,1618 Goyette Mountains,Youngstown,AK,75258
355,Lonny,Rice,47,9875 Durgan Loaf,Bellflower,SD,50412-1590
356,Amya,Simonis,29,505 Elenora Station,Port Rubye,NM,11489
357,Andreane,Carter,42,66217 Emilie Gardens,West Caroleside,WI,24790-1568
358,Conner,Hayes,50,2892 Haley Parkways,Montebello,NY,69848-1196
359,Joel,Orn,39,488 Danny Plains,North Sasha,RI,76437-3932
360,Olaf,Watsica,33,050 Parisian Lane,Stockton,NV,24594-4339
361,Isaac,Huels,21,439 Mayer Track,New Lydia,AZ,17966-2776
362,Tanya,Schmitt,30,4816 Frida Dale,Port Jerad,OK,15027-2754
363,Abigayle,Johnson,57,7726 Mosciski Courts,Kobyburgh,MT,21811
364,Manuel,Leuschke,37,5848 Juvenal Prairie,South Mittieview,AR,19831-9525
365,Emilie,Kohler,35,361 Armand Square,North Andre,IA,28035-7029
366,Golden,Nitzsche,55,5494 Wunsch Mountains,North Travismouth,WV,95931
367,Nayeli,Hirthe,23,7807 Huel Manor,South Leonie,MT,60263
368,Vincent,Dickens,41,939 Malvina Gateway,South Norrishaven,MD,15961-1137
369,Desiree,Roob,38,202 Kunde Island,West Elliottborough,ND,52915
370,Quentin,Kovacek,38,203 Hahn Inlet,Port Kennedyberg,AK,89695
371,Karl,Gaylord,20,59696 Turner Fields,Rowlett,GA,84608-9286
372,Madison,Gleichner,31,232 Delbert Ports,Hammeston,AZ,67515
373,Katlynn,Botsford,62,87365 Joanie Falls,Marianechester,MS,14627
374,Keshaun,Hansen,54,13727 Quitzon Camp,Hazlemouth,OH,44230-9991
375,Oceane,Turcotte,23,7280 Sterling Points,Parma,MI,92131
376,Cleve,Glover,21,94327 Nader Lodge,Lake Noemy,AK,65156
377,Otis,Schowalter,54,134 Mustafa Shore,Lake Evansshire,GA,84937
378,Danika,McGlynn,58,6164 Quinn Burg,Demetrisview,WA,85104
379,Karl,Herman,32,8968 Bashirian Vista,South Alexandrinemouth,LA,66427-0359
380,Pattie,Hahn,53,037 Shaun Avenue,Manleyfort,DE,39889
381,Celestine,Schmitt,50,17924 Adams Gardens,Littelfort,NM,70960
382,Nathanial,Kovacek,46,70507 Cole Isle,South Audrey,CT,97910-6165
383,Kip,Batz,26,437 Ashlynn Meadow,Lake Lance,AK,05694-5682
384,Christop,Morissette,26,7485 Keeley Pike,Cary,HI,83343-2446
385,Jazmyne,Kreiger,20,784 Elda Hills,Lake Sunnystad,FL,81858-4061
386,Bertram,Conroy,24,185 Kreiger Gateway,Arcadia,MS,79966
387,Odell,Harvey,30,529 Runolfsson Loaf,VonRuedenville,MN,50125-7913
388,Efren,Mills,56,604 Sammie Shore,Macejkovicside,AZ,30732-2054
389,Alessandro,Deckow,35,36141 Alice Drives,Kubmouth,AZ,22129
390,Ashleigh,Padberg,44,82375 Wiegand Wall,Morartown,CO,38095-7774
391,Dominique,Nicolas,51,58349 Elliott Green,Marcport,WV,00366-9111
392,Dorian,Steuber,43,646 Rosina Bypass,South Katherineville,NC,17844
393,Lindsey,Bahringer,42,40211 Chance Drive,Bartolettimouth,GA,13422
394,Suzanne,Hodkiewicz,49,9398 Wisozk Bypass,North Bradfordberg,RI,18412
395,Kaitlyn,Wolff,28,4185 Hamill Harbors,Lake Chaunceyview,MO,32835
396,Zita,Zboncak,51,69847 Bauch Mills,New Stephon,MA,82428
397,Arno,Howe,37,67917 Reid Loop,East Kristianborough,SC,631
398,Enos,Heathcote,40,9406 Ana Lodge,Neldastad,WV,99497
399,Frieda,Bode,19,000 Theron Lights,Koreyfort,NH,32175
400,Erin,Friesen,49,56104 McDermott Freeway,Grantstad,ND,01105-1050
401,Carmelo,Runte,22,18694 Darron Meadow,South Hill,AR,92634-2836
402,Destiny,Cummerata,34,219 Erdman Pine,East Connorhaven,ND,43206
403,Devyn,Harber,24,116 Gail River,Strongsville,MT,23914-4982
404,Alford,Reichert,42,7473 Emery Common,Lolitamouth,IN,68157-8045
405,Queen,Legros,40,0241 Rylee Forest,Port Kailey,IN,74125
406,Uriah,Lueilwitz,59,0164 Melissa Mountain,Danteville,OR,08565-8663
407,Jamarcus,Steuber,60,77688 Susan Rapids,Wuckertland,ID,36164-1472
408,Juliana,Johns,30,25546 Raleigh Light,Bauchberg,FL,30942
409,Katelynn,Torp,46,517 Annabel Bridge,North Ryderland,PA,1838
410,Lyric,Jacobi,58,649 May Vista,North Geneborough,AK,68622
411,Jorge,Mills,25,757 Reichert Roads,North Joanieview,MO,8524
412,Noel,Swaniawski,31,88739 Corwin Inlet,Port Belletown,MD,72023
413,Violet,Kovacek,46,68137 Gutmann Row,South Dedricland,FL,87512
414,Waino,Legros,55,373 Kiera Meadows,Schmelerfort,AK,88851
415,Adriana,Streich,59,61133 Eduardo Shore,Port Lou,AL,50498-9642
416,Keyshawn,Bins,28,1543 Abshire Course,South Ezekiel,VT,88943
417,Lucinda,Gulgowski,58,03785 Walter Crossing,Klingborough,NY,68951-7478
418,Una,Dooley,54,3568 Kozey Highway,West Ryderstad,SC,17671
419,Jennyfer,Collier,51,078 Oswald Mews,New Dwightshire,ME,48563-3767
420,Oda,Russel,19,29154 Bins Pass,Trevionhaven,HI,48598
421,Lauren,Herzog,48,0711 Napoleon Trafficway,Dahliaside,WV,10611
422,Alexane,Gottlieb,62,36510 Martin Cape,Lake Gardner,ME,89240-1631
423,Reinhold,Jakubowski,62,4636 Hartmann Port,Lake Cristalview,WI,05150-6560
424,Don,Leannon,41,590 Emil Parks,Mabellehaven,ID,48483
425,Jermey,Fritsch,35,442 Riley Knoll,South Camylle,NJ,29523-7545
426,Lafayette,Homenick,24,32620 Sporer Ramp,West Jaquanville,PA,86646
427,Otis,Brekke,22,2429 Josefa Knoll,Downey,ME,23282-4533
428,Cara,Effertz,23,1632 Kuhlman Expressway,Howellland,AR,23563
429,Adella,Kohler,30,22316 Janae Brooks,Celestineville,PA,38936
430,Furman,Rau,62,4176 Simonis Meadow,New Pinkiehaven,KY,73427-8451
431,Darius,Farrell,60,2317 Robb Groves,North Alexysfort,VA,56599-7251
432,Adeline,Runte,50,4125 Hickle Stream,Maggiofort,IL,68816-4212
433,Caden,Hodkiewicz,24,226 Purdy Creek,Walkerfort,CT,65785
434,Tanner,Marks,41,6607 Wintheiser Well,Edmond,CA,57042
435,Santina,Schmidt,19,47869 Eve Mills,Country Club,NH,53863
436,Syble,Turner,18,5621 Gusikowski Mill,New Haliefort,IN,52391-1828
437,Karlie,Gibson,38,30684 Kaela Field,Jessiefort,FL,27389
438,Janae,Towne,27,940 Krajcik Parkway,Hampton,CA,15483-3485
439,Ludwig,Larson,49,86424 Gusikowski Knoll,Potomac,MT,96614
440,Porter,Mosciski,48,9794 Friesen Villages,Giuseppefort,TX,91615
441,Kieran,Macejkovic,34,9314 Rosemarie Ramp,North Morgan,MI,96859-4487
442,Modesto,Considine,46,62068 Macy Inlet,Simoniston,ND,91514
443,Magnolia,Zulauf,21,57358 Purdy Glens,Jammietown,NV,58356
444,Danielle,Runolfsson,30,4744 Botsford Bypass,North Ressiemouth,MI,11319-4850
445,Mya,Huel,61,98132 Dell Track,East Gerda,NC,56822
446,Tracey,Vandervort,61,9739 Considine Bridge,East Steve,AK,72457-7301
447,Arch,Bailey,44,255 Vernie Isle,Cathrynview,NC,59018
448,Tod,Dickinson,62,92668 Baumbach Inlet,Romaguerachester,ME,75133-4489
449,Llewellyn,Fahey,55,4902 Jerod Field,Lake Haleighville,CA,29583
450,Arlene,White,57,269 Swaniawski Tunnel,East Ayana,TX,13890-9699
451,Ellis,Beahan,57,0174 Considine Route,North Damaris,WV,22298-7929
452,Nicholaus,Bahringer,35,079 Golden Ramp,South Mortonton,MO,14646-9712
453,Bernardo,Cummings,58,4512 Raoul Ford,West Dallin,NM,01123-7061
454,Keven,Anderson,27,34278 Johnnie Knolls,South Gate,WV,62798-2578
455,Rosanna,Keeling,57,470 Dameon Club,North Christ,IA,81580-6035
456,Santina,Senger,46,6419 Orland Valleys,Port Taurean,NY,37180
457,Alec,Schowalter,42,555 Hickle Neck,Johnson City,RI,46916
458,Maiya,Hickle,44,932 Von Place,West Collin,WY,45812
459,Erin,Gutmann,44,41622 Vance Cape,Mortontown,MS,92018-8778
460,Vincent,Koch,42,363 Schuster Mills,Port Erynfort,NC,18415
461,Asa,Toy,22,27592 Lisette Locks,West Estevan,WV,62834-8049
462,Jaleel,Nienow,59,27791 Towne Lodge,Larryland,GA,5631
463,Remington,Harris,22,7312 Domenic Run,Cedar Rapids,IL,2357
464,Selmer,Treutel,50,09511 Elyse Vista,South Sharon,AL,43506-6606
465,Hudson,Swift,62,86008 Maurice Dale,West Vivienne,KY,23604
466,Efrain,Kautzer,32,5111 Dana Green,New Kristin,CO,88344-7700
467,Aubrey,Feil,44,578 Stoltenberg Lodge,Silver Spring,WV,76529
468,Brain,Brekke,36,48475 Gulgowski Burg,Clearwater,ND,32348
469,Clement,Hintz,43,273 Grimes Ford,West Mandyfurt,MA,75260
470,Erica,Skiles,30,7487 Karlie Island,Waylonbury,NJ,81061-8448
471,Bruce,Schuster,24,2853 Schumm Island,Port Aprilberg,ME,24394-1790
472,Deshawn,Toy,61,785 Orpha Greens,Ashleighborough,NE,97700-6681
473,Cheyenne,Smitham,33,61279 Hettinger Squares,South Ephraim,DE,00870-5093
474,Nelle,Wehner,49,3192 Oberbrunner Turnpike,West Emile,PA,47374-0906
475,Vergie,Kassulke,24,139 Gaylord Fork,D'angelomouth,CA,54446
476,Francesco,Rowe,57,36723 Goodwin Pine,East Carleehaven,WI,73048
477,Albin,Braun,48,44362 Paucek Inlet,East Krystelside,IA,7183
478,Tracy,Wehner,61,126 Bayer Ferry,Chino Hills,OR,69890-7617
479,Quinten,Metz,20,7893 Kuphal Ports,East Gwendolyn,GA,51505
480,Providenci,Little,35,5208 Dickinson Highway,Lake Marco,IL,41257
481,Gregg,Veum,52,58679 Karl Crescent,Baumbachfurt,LA,54283-9914
482,Bria,Harris,27,837 Treutel Terrace,East Reidland,WY,10434
483,Adolfo,Spencer,61,15852 Oral Highway,Brandon,TN,12156
484,Carleton,Keebler,45,49864 Brayan Wall,Port April,KY,80618
485,Sonny,Kozey,20,398 Ericka Greens,Trujillo Alto,ND,97943
486,Katelyn,Bailey,44,141 Donavon Glen,East Nathanialborough,CO,24501
487,Percival,Homenick,39,7331 Letha Pine,East Aiden,GA,73328-1449
488,Brook,Waelchi,25,50415 Lowe Mount,Aiyanaland,NJ,00847-3038
489,Eileen,Kris,19,97578 Breanne Flat,North Dale,NC,26176-1607
490,Torrance,Kemmer,25,43295 Alfreda Common,O'Konmouth,SD,06918-0532
491,Erna,Armstrong,53,620 Gunnar Locks,Mandytown,AK,40917-9680
492,Waylon,Stamm,18,587 Beier Station,Franeckiville,MN,78166
493,Sibyl,McKenzie,29,8600 Elza Land,West Vicentastad,IN,68354
494,Javon,Streich,51,0278 Bauch Neck,North Lindseyside,LA,14261-5856
495,Miracle,Padberg,57,20063 Jayme Streets,Anthonyview,VA,69991
496,Bella,Greenholt,43,049 Kelly Court,North Quentin,CO,51710-1275
497,Hellen,Braun,36,8164 Yolanda Mountains,Lake Stephany,PA,87824-3995
498,Brionna,Stiedemann,42,041 Katrina Flat,Lake Margarita,IA,3011
499,Barry,Schinner,44,4230 Hermann Pines,Gilroy,CA,72801-9905
500,Pinkie,Schmitt,45,92877 Gunner Rapid,Lake Garrett,RI,95384-2029
501,Gabriel,Lubowitz,40,4542 Sonia Street,New German,FL,73034
502,Weldon,Schuster,14,11903 Adolphus Village,Hermistonfurt,HI,48719
503,Moses,Wolf,7,989 Cummings Manor,Clarissaborough,KY,26104-4632
504,Scot,Feest,11,77904 Juwan Station,North Marvinstad,LA,78003-3026
505,Josiah,Vandervort,16,743 Lucienne Vista,Meganeland,TN,58509
506,Isom,Bartell,13,9638 Nikita Squares,Deondreport,DE,20321
507,Amaya,Leannon,10,1062 Theron Mountains,Peggiestad,MO,76360
508,Florencio,Adams,3,22899 Ankunding Walks,South Lora,NE,67745-0788
509,Peggie,Bartell,16,215 Viola Burg,Lake Enidland,NV,99562
510,Nettie,Hessel,5,51482 Kreiger Burg,Richardville,NH,7705
511,Aniyah,Kreiger,6,2610 Wunsch Shore,New Meggie,MA,43439
512,Kaycee,Barrows,14,4266 Alia Overpass,Taylorsville,NY,83507
513,Orval,Hilpert,11,5513 Bahringer Light,Cheyenne,WY,25263-7626
514,Kayleigh,Rodriguez,7,513 Justen Burgs,West Ocieberg,LA,40413
515,Raphael,Weissnat,11,25890 Dibbert Circles,West Jaysonfurt,NE,30201-7723
516,Ruth,Erdman,4,1953 Zechariah Springs,Nolanside,OR,71394
517,Larissa,Pollich,4,939 Sheila Bridge,Adahview,ME,16632
518,Gonzalo,Hettinger,6,19821 Pacocha Meadow,Bahringerside,MS,43846
519,Enos,Halvorson,6,610 Greyson Spring,Lake Eastonchester,IL,37775-0668
520,Madalyn,Fritsch,13,8065 Volkman Loaf,Reingermouth,RI,44307
521,Giovanny,Lowe,17,4984 Norbert Ridges,Port Juliana,WV,89670
522,Maggie,Steuber,7,566 Prosacco Divide,West Michel,WI,86016-0212
523,Myrtice,Macejkovic,16,979 Roxane Lake,Turlock,KY,60609-0231
524,Katharina,O'Conner,3,5174 Padberg Row,Franeckiside,KS,93195
525,Mohammed,Brakus,12,1342 McCullough Mill,San Jacinto,RI,63716
526,Karina,Beier,5,54918 Kutch Creek,East Marvinborough,VT,27250-6517
527,Jakob,Kutch,11,846 Cleora Center,Port Camren,IL,8741
528,Ladarius,Jacobs,4,09654 Mertz Rapids,Goyetteton,NH,18690
529,Johann,DuBuque,14,14693 Schmeler Mews,Lake Dina,KY,94977
530,Minerva,Pagac,16,360 Gutkowski Curve,North Alexandra,NE,88045
531,Lucious,Wyman,8,269 Zaria View,Emmerichville,FL,17747-4570
532,Pasquale,Schimmel,5,446 Jasper Trace,New Lynnside,MO,98330
533,Agustina,Collins,1,139 Ankunding Islands,Harrisborough,NH,71473-3303
534,Lewis,Brakus,17,32663 Brakus Meadows,Ericfurt,KY,64354
535,Gabrielle,Armstrong,4,283 Beahan Valleys,Eramouth,WY,70922-5995
536,Selena,Smith,11,31358 Harvey Passage,Smithamstad,UT,60445-8961
537,Delia,Mohr,9,60682 Sylvia Drives,South Twilabury,WA,46140
538,Leora,Konopelski,6,6474 O'Reilly Pine,Toms River,MO,94656-4192
539,Mona,Hintz,1,938 Tyree Underpass,Arlington,RI,83347
540,Alphonso,Wiegand,4,478 Imelda Common,North Ladarius,NV,90719-2466
541,Jayden,Ryan,15,96533 Glover Square,Kilbackbury,NY,40655-3310
542,Darrick,Bruen,14,471 Pfannerstill Dale,Sammiestad,DE,91488-0979
543,Lexie,Beatty,16,3034 Walter Brooks,Daughertyville,MD,68488-2662
544,Sarina,Christiansen,12,616 Kiana Springs,Albertoport,MN,23664
545,Dock,Bogan,11,975 Haley Expressway,Pollybury,KS,44405-1172
546,Myron,Douglas,8,0287 Heidenreich Rapids,Bolingbrook,AZ,47309-4308
547,Annamarie,Crist,12,8286 Pagac Ridge,West Wyman,MO,12667-5433
548,Maximillia,Carroll,0,098 Kris Dam,Grapevine,AZ,37041
549,Garfield,Gleichner,15,7335 Halvorson Rest,East Chesleyburgh,WV,05319-0988
550,Sienna,Hessel,6,809 Jarred Curve,Milwaukee,FL,16202-6770
551,Holly,Davis,7,01802 Edison Loop,Lake Camren,NH,99788
